backbone,seed,actual_range_width,high_range_count,high_range_signed_error,low_range_count,low_range_signed_error,maximum_absolute_error,mean_signed_error,median_absolute_error,prediction_actual_range_width_ratio,prediction_maximum,prediction_minimum,prediction_range_width,validation_count,validation_mae,validation_rmse,frozen,total,trainable,epochs_trained,training_time_seconds,checkpoint_path,checkpoint_sha256
resnet18,42,0.8999999761581421,6,-0.1795631299416224,7,0.20979965318526542,0.4593126177787781,0.04001517571947154,0.1614021360874176,0.5529592912186329,0.7749513387680054,0.2772879898548126,0.49766334891319275,17,0.1864854174063486,0.22334663910145197,11176512,11177025,513,50,51.71378942398587,/home/ubuntu/dev/deep-learning/wave-regression-model/step-10-experiment-c-frozen-backbone-comparison/v2-20260928T130354Z/runs/resnet18/seed-42/resnet18-seed-42-best-val-mae-epoch=39-val_mae=0.1865.ckpt,e8e861628b78e0ed4466228aba9e3554709f2ad452db166ecdb524e1e70125f1
resnet18,43,0.8999999761581421,6,-0.22762072086334229,7,0.1966484673321247,0.47152823209762573,0.02188261357300422,0.1861763596534729,0.566003470050056,0.7749598622322083,0.2655567526817322,0.5094031095504761,17,0.19307065601734555,0.22604609882764443,11176512,11177025,513,48,58.38729877898004,/home/ubuntu/dev/deep-learning/wave-regression-model/step-10-experiment-c-frozen-backbone-comparison/v2-20260928T130354Z/runs/resnet18/seed-43/resnet18-seed-43-best-val-mae-epoch=37-val_mae=0.1931.ckpt,242a83cd7147b6e5b83be7b50145f798ac592df42daecd052aa7987219176ba4
resnet18,44,0.8999999761581421,6,-0.18707951406637827,7,0.18381149587886675,0.41179507970809937,0.029338453403290582,0.16093896329402924,0.5407015294684709,0.7892299294471741,0.3025985658168793,0.4866313636302948,17,0.1758935195119942,0.2055468394058762,11176512,11177025,513,46,98.0027164449566,/home/ubuntu/dev/deep-learning/wave-regression-model/step-10-experiment-c-frozen-backbone-comparison/v2-20260928T130354Z/runs/resnet18/seed-44/resnet18-seed-44-best-val-mae-epoch=35-val_mae=0.1759.ckpt,fe16322e2a2c842f602489a37ec4461ad5da6b055025f586e35bc061e09d88c3
resnet34,42,0.8999999761581421,6,-0.30601799984773,7,0.09697697364858218,0.5310937166213989,-0.05080869289882043,0.20393825694918633,0.7694509498132851,0.8219573497772217,0.12945151329040527,0.6925058364868164,17,0.19890971722848275,0.24295829957037032,21284672,21285185,513,50,77.68462904001353,/home/ubuntu/dev/deep-learning/wave-regression-model/step-10-experiment-c-frozen-backbone-comparison/v2-20260928T130354Z/runs/resnet34/seed-42/resnet34-seed-42-best-val-mae-epoch=39-val_mae=0.1989.ckpt,fb6fd71a71769c197bd02422475cb0ecdb509559651c6cbb2e9679470330dfec
resnet34,43,0.8999999761581421,6,-0.29544439911842346,7,0.1141749168080943,0.5129296779632568,-0.040885835228597414,0.18047396838665009,0.6687983550971973,0.7436686158180237,0.14175011217594147,0.6019185036420822,17,0.18516375102541027,0.23199337362305716,21284672,21285185,513,20,31.036441279982682,/home/ubuntu/dev/deep-learning/wave-regression-model/step-10-experiment-c-frozen-backbone-comparison/v2-20260928T130354Z/runs/resnet34/seed-43/resnet34-seed-43-best-val-mae-epoch=09-val_mae=0.1852.ckpt,7e52c450092a12d354650ad9340018d99c5f85eb46383889239e0e6f51efda8f
resnet34,44,0.8999999761581421,6,-0.24429912865161896,7,0.14527319744229317,0.4255531430244446,-0.005753714591264725,0.2021513134241104,0.7131983528719572,0.8333266973495483,0.19144819676876068,0.6418785005807877,17,0.1800154138575582,0.2156882087424079,21284672,21285185,513,24,42.762871526996605,/home/ubuntu/dev/deep-learning/wave-regression-model/step-10-experiment-c-frozen-backbone-comparison/v2-20260928T130354Z/runs/resnet34/seed-44/resnet34-seed-44-best-val-mae-epoch=13-val_mae=0.1800.ckpt,b458205d786f54ed05cf2861c6c8a9f16edc0bbb1279b21a45631df96ef33b50
efficientnet_b0,42,0.8999999761581421,6,-0.19299890597661337,7,0.1281756263758455,0.43545496463775635,-0.0004786737263202667,0.11500799655914307,0.6908211295027502,0.8217599987983704,0.20002099871635437,0.621739000082016,17,0.14859353509895942,0.18831886298595613,4007548,4008829,1281,51,64.01661854295526,/home/ubuntu/dev/deep-learning/wave-regression-model/step-10-experiment-c-frozen-backbone-comparison/v2-20260928T130354Z/runs/efficientnet_b0/seed-42/efficientnet_b0-seed-42-best-val-mae-epoch=40-val_mae=0.1486.ckpt,5b4c7e2dabdcc5e72fd481b89c7cf16da38497bd8c0ed6bbd0fd375eb93f6801
efficientnet_b0,43,0.8999999761581421,6,-0.17899173498153687,7,0.1491518377193383,0.4424724578857422,0.023425167755169028,0.10284551978111267,0.6620000974867105,0.8484836220741272,0.2526835501194,0.5958000719547272,17,0.15250330352607896,0.2025111733252687,4007548,4008829,1281,53,61.85267960402416,/home/ubuntu/dev/deep-learning/wave-regression-model/step-10-experiment-c-frozen-backbone-comparison/v2-20260928T130354Z/runs/efficientnet_b0/seed-43/efficientnet_b0-seed-43-best-val-mae-epoch=42-val_mae=0.1525.ckpt,0b7b993c74892263225884a5008ffed137416351e6bd1dee19275c06159394f6
efficientnet_b0,44,0.8999999761581421,6,-0.20531282822291055,7,0.1328838121678148,0.4437292814254761,-0.000932313282700146,0.12244148552417755,0.6452924680787316,0.7959976196289062,0.2152344137430191,0.5807632058858871,17,0.15386317210162387,0.19635825253077102,4007548,4008829,1281,52,72.34267575497506,/home/ubuntu/dev/deep-learning/wave-regression-model/step-10-experiment-c-frozen-backbone-comparison/v2-20260928T130354Z/runs/efficientnet_b0/seed-44/efficientnet_b0-seed-44-best-val-mae-epoch=41-val_mae=0.1539.ckpt,05f8825aed62d6c6a62de0ebeafe656ac5bc1607a33fcd65a0a0387e4d50e1bb
